,Channel,Region,Fresh,Milk,Grocery,Frozen,Detergents_Paper,Delicatessen,x_kpca_rbf,y_kpca_rbf,cluster_kpca_rbf
0,Retail,other,12669,9656,7561,214,2674,1338,0.07837370589555163,-0.17311460364284084,2
1,Retail,other,7057,9810,9568,1762,3293,1776,0.18581254641290795,-0.307414714064597,2
2,Retail,other,6353,8808,7684,2405,3516,7844,0.34170153813262244,0.075047751705577,1
3,HoReca,other,13265,1196,4221,6404,507,1788,-0.25330352365834596,0.2503524263190764,3
4,Retail,other,22615,5410,7198,3915,1777,5185,0.13661671368898673,0.37527923546027714,1
5,Retail,other,9413,8259,5126,666,1795,1451,-0.08895330433843447,-0.21226471169213576,0
6,Retail,other,12126,3199,6975,480,3140,545,-0.1435304125938082,-0.1663058931990576,0
7,Retail,other,7579,4956,9426,1669,3321,2566,0.040896985837843805,-0.26271559872797007,2
8,HoReca,other,5963,3648,6192,425,1716,750,-0.2204840295429028,-0.3051577883697475,0
9,Retail,other,6006,11093,18881,1159,7425,2098,0.708968836846272,-0.29119250182163264,4
10,Retail,other,3366,5403,12974,4400,5977,1744,0.3197406409241957,-0.3065245780476242,2
11,Retail,other,13146,1124,4523,1420,549,497,-0.35545182556925015,0.013874803248531447,0
12,Retail,other,31714,12319,11757,287,3881,2931,0.3854465445073937,0.3357288366807356,1
13,Retail,other,21217,6208,14982,3095,6707,602,0.38950060072832127,0.05937381327534811,4
14,Retail,other,24653,9465,12091,294,5058,2168,0.3555111665729345,0.14421778495165297,1
15,HoReca,other,10253,1114,3821,397,964,412,-0.3543552000608613,-0.11021859390248907,0
16,Retail,other,1020,8816,12121,134,4508,1080,0.32263564498743114,-0.4722189977111657,2
17,HoReca,other,5876,6157,2933,839,370,4478,-0.07000249896230835,-0.09035047264311856,0
18,Retail,other,18601,6327,10099,2205,2767,3181,0.11654191916216336,0.11785312476009374,1
19,HoReca,other,7780,2495,9464,669,2518,501,-0.12022755406904627,-0.2835482007710935,0
20,Retail,other,17546,4519,4602,1066,2259,2124,-0.14690021076745408,0.09957113896938691,3
21,HoReca,other,5567,871,2010,3383,375,569,-0.3995107138663481,-0.09264082017742048,0
22,HoReca,other,31276,1917,4469,9408,2381,4334,0.2043599877320014,0.6356359259636726,1
23,Retail,other,26373,36423,22019,5154,4337,16523,0.3902661572691498,0.25694960257342125,1
24,Retail,other,22647,9776,13792,2915,4482,5778,0.42781654073334763,0.22478368660722767,1
25,Retail,other,16165,4230,7595,201,4003,57,-0.031635128734054066,-0.07255095160998723,0
26,HoReca,other,9898,961,2861,3151,242,833,-0.40014060362739395,0.008535414697348623,0
27,HoReca,other,14276,803,3045,485,100,518,-0.3700525126455122,0.05391791921403413,0
28,Retail,other,4113,20484,25957,1158,8604,5206,0.7016207368605808,0.07310145750804012,4
29,HoReca,other,43088,2100,2609,1200,1107,823,0.18268354738980816,0.6814840445911226,1
30,HoReca,other,18815,3610,11107,1148,2134,2963,0.043119217126725604,0.11745335924201478,3
31,HoReca,other,2612,4339,3133,2088,820,985,-0.29478662624567475,-0.2721066923785616,0
32,HoReca,other,21632,1318,2886,266,918,405,-0.2515720524686856,0.2660610840718817,3
33,HoReca,other,29729,4786,7326,6130,361,1083,0.041823502890764586,0.6263327105684741,1
34,HoReca,other,1502,1979,2262,425,483,395,-0.33950761274923485,-0.2859829888576613,0
35,Retail,other,688,5491,11091,833,4239,436,0.1531854899869803,-0.47204627497468216,2
36,HoReca,other,29955,4362,5428,1729,862,4626,0.11579078334966605,0.515851631492402,1
37,Retail,other,15168,10556,12477,1920,6506,714,0.4474462104001663,-0.1505560759794121,4
38,Retail,other,4591,15729,16709,33,6956,433,0.6931422223897349,-0.27107464556930333,4
39,HoReca,other,56159,555,902,10002,212,2916,0.38129056315361043,0.5589487619332951,1
40,HoReca,other,24025,4332,4757,9510,1145,5864,0.21152963142588108,0.5158501567286059,1
41,HoReca,other,19176,3065,5956,2033,2575,2802,-0.09230035545523291,0.1966869002686488,3
42,Retail,other,10850,7555,14961,188,6899,46,0.4630010122647916,-0.2927065312654561,4
43,Retail,other,630,11095,23998,787,9529,72,0.7874656499758457,-0.20601239875751104,4
44,Retail,other,9670,7027,10471,541,4618,65,0.16846143696562346,-0.31606742675509614,2
45,Retail,other,5181,22044,21531,1740,7353,4985,0.6868279055313019,0.053047797260248365,4
46,Retail,other,3103,14069,21955,1668,6792,1452,0.7630314684360965,-0.23766436946537117,4
47,Retail,other,44466,54259,55571,7782,24171,6465,0.3902727289147301,0.2579669885514351,1
48,Retail,other,11519,6152,10868,584,5121,1476,0.20654515531327824,-0.2600170566936906,2
49,Retail,other,4967,21412,28921,1798,13583,1163,0.7289714387313021,0.1158823681764615,4
50,HoReca,other,6269,1095,1980,3860,609,2162,-0.3430795910530942,-0.03597334791617217,0
51,HoReca,other,3347,4051,6996,239,1538,301,-0.18086905028942604,-0.36795041693233754,0
52,Retail,other,40721,3916,5876,532,2587,1278,0.2038552173913667,0.6261716702573177,1
53,Retail,other,491,10473,11532,744,5611,224,0.4039493331332734,-0.44913213591233486,2
54,HoReca,other,27329,1449,1947,2436,204,1333,-0.16262992294600195,0.5367169722978511,3
55,HoReca,other,5264,3683,5005,1057,2024,1130,-0.23365873481870778,-0.2988588835089219,0
56,Retail,other,4098,29892,26866,2616,17740,1340,0.5426398038264195,0.2327742150149677,1
57,Retail,other,5417,9933,10487,38,7572,1282,0.47467771286357,-0.38349654161277796,4
58,HoReca,other,13779,1970,1648,596,227,436,-0.37828293057305634,0.03896555000533141,0
59,HoReca,other,6137,5360,8040,129,3084,1603,-0.022022933753793092,-0.3573458414066494,2
60,Retail,other,8590,3045,7854,96,4095,225,-0.059830519896656255,-0.2986881440336675,2
61,Retail,other,35942,38369,59598,3254,26701,2017,0.3929913970367593,0.25962039045666296,1
62,Retail,other,7823,6245,6544,4154,4074,964,-0.00969994811907103,-0.1962110688577538,2
63,Retail,other,9396,11601,15775,2896,7677,1295,0.640191870600562,-0.24099799892956258,4
64,HoReca,other,4760,1227,3250,3724,1247,1145,-0.33968773404833635,-0.13477912051815036,0
65,Retail,other,85,20959,45828,36,24231,1423,0.44103586711670956,0.261673619591699,1
66,HoReca,other,9,1534,7417,175,3468,27,-0.09322374084288984,-0.41307713761200265,2
67,Retail,other,19913,6759,13462,1256,5141,834,0.29240464167051355,0.00012687407189275324,2
68,HoReca,other,2446,7260,3993,5870,788,3095,-0.059970701169716256,-0.06292199893640656,0
69,HoReca,other,8352,2820,1293,779,656,144,-0.3794441601753928,-0.13546815859725903,0
70,HoReca,other,16705,2037,3202,10643,116,1365,-0.05060659132237217,0.48102575194277325,3
71,HoReca,other,18291,1266,21042,5373,4173,14472,0.39925975518939466,0.2634750903712738,1
72,HoReca,other,4420,5139,2661,8872,1321,181,-0.1113543513841286,0.0960735549759159,3
73,Retail,other,19899,5332,8713,8132,764,648,0.0008987162689015969,0.40940831904177893,3
74,Retail,other,8190,6343,9794,1285,1901,1780,-0.010720820028169847,-0.262440564367948,2
75,HoReca,other,20398,1137,3,4407,3,975,-0.2988019728448939,0.4165342524963783,3
76,HoReca,other,717,3587,6532,7530,529,894,-0.128224671530586,-0.04654708810697715,0
77,Retail,other,12205,12697,28540,869,12034,1009,0.7923752448833201,0.007641589923587079,4
78,HoReca,other,10766,1175,2067,2096,301,167,-0.4098498165501619,-0.006883271270862138,0
79,HoReca,other,1640,3259,3655,868,1202,1653,-0.2610406538069765,-0.31847176755984935,0
80,HoReca,other,7005,829,3009,430,610,529,-0.3779155808867268,-0.173084199077973,0
81,Retail,other,219,9540,14403,283,7818,156,0.5725819154133497,-0.4145797417023824,4
82,Retail,other,10362,9232,11009,737,3537,2342,0.24022639466350426,-0.2448420655760988,2
83,HoReca,other,20874,1563,1783,2320,550,772,-0.29618269339744835,0.33081418448807115,3
84,Retail,other,11867,3327,4814,1178,3837,120,-0.16487728549520653,-0.1475219150071064,0
85,Retail,other,16117,46197,92780,1026,40827,2944,0.38833667368322766,0.2562637349561333,1
86,Retail,other,22925,73498,32114,987,20070,903,0.38843674479929263,0.2563393057786998,1
87,HoReca,other,43265,5025,8117,6312,1579,14351,0.39483034971193964,0.2825635724817171,1
88,HoReca,other,7864,542,4042,9735,165,46,-0.1416351099577713,0.24733068217591722,3
89,HoReca,other,24904,3836,5330,3443,454,3178,-0.05385762013279215,0.4779438454720911,3
90,HoReca,other,11405,596,1638,3347,69,360,-0.413660927975109,0.07913795302740581,0
91,HoReca,other,12754,2762,2530,8693,627,1117,-0.1736276102205259,0.32250877373418274,3
92,Retail,other,9198,27472,32034,3232,18906,5130,0.5108182391595902,0.25525282250221726,1
93,HoReca,other,11314,3090,2062,35009,71,2698,0.39003501513109595,0.26391317650155044,1
94,Retail,other,5626,12220,11323,206,5038,244,0.40488126797222895,-0.37052455235944043,2
95,HoReca,other,3,2920,6252,440,223,709,-0.24060060089851404,-0.3535239289116522,0
96,Retail,other,23,2616,8118,145,3874,217,-0.02889410348951774,-0.4430106441334652,2
97,HoReca,other,403,254,610,774,54,63,-0.36414555189200815,-0.22878674663581566,0
98,HoReca,other,503,112,778,895,56,132,-0.3674269063091251,-0.22596087671538273,0
99,HoReca,other,9658,2182,1909,5639,215,323,-0.3449825426219667,0.1079856453539184,3
100,Retail,other,11594,7779,12144,3252,8035,3029,0.48117083153627865,-0.14905364291346063,4
101,Retail,other,1420,10810,16267,1593,6766,1838,0.623158355886599,-0.3777794219427699,4
102,Retail,other,2932,6459,7677,2561,4573,1386,0.08900658922927425,-0.38479385363196367,2
103,HoReca,other,56082,3504,8906,18028,1480,2498,0.4084907056239094,0.3960700673826256,1
104,HoReca,other,14100,2132,3445,1336,1491,548,-0.3249884778073254,0.017460408486121702,0
105,HoReca,other,15587,1014,3970,910,139,1378,-0.33552612925542163,0.10881062631909437,3
106,Retail,other,1454,6337,10704,133,6830,1831,0.3559703986970574,-0.4454110428548865,2
107,Retail,other,8797,10646,14886,2471,8969,1438,0.6569576061315463,-0.2530671506188993,4
108,Retail,other,1531,8397,6981,247,2505,1236,0.032545962913498254,-0.4257323949664452,2
109,Retail,other,1406,16729,28986,673,836,3,0.5670440133693175,-0.021764297216002218,4
110,HoReca,other,11818,1648,1694,2276,169,1647,-0.38564182829911003,0.05338208702174734,0
111,Retail,other,12579,11114,17569,805,6457,1519,0.6149712853516304,-0.2154250151171672,4
112,HoReca,other,19046,2770,2469,8853,483,2708,-0.06586962261253432,0.5015456168575979,3
113,HoReca,other,14438,2295,1733,3220,585,1561,-0.3489118357948729,0.15647688408535784,3
114,HoReca,other,18044,1080,2000,2555,118,1266,-0.34114728761642166,0.26519406187565703,3
115,HoReca,other,11134,793,2988,2715,276,610,-0.401028575463783,0.02562015989037812,0
116,HoReca,other,11173,2521,3355,1517,310,222,-0.3728441164416735,-0.045331402779865186,0
117,HoReca,other,6990,3880,5380,1647,319,1160,-0.29763247344282595,-0.19250409541862679,0
118,HoReca,other,20049,1891,2362,5343,411,933,-0.2559813286399121,0.4135922402946949,3
119,HoReca,other,8258,2344,2147,3896,266,635,-0.38485704625799505,-0.017045820057282536,0
120,HoReca,other,17160,1200,3412,2417,174,1136,-0.33821595682393474,0.21355761823079342,3
121,HoReca,other,4020,3234,1498,2395,264,255,-0.37257923358882605,-0.18563089819244347,0
122,HoReca,other,12212,201,245,1991,25,860,-0.4243548389161238,0.07877409271485113,0
123,Retail,other,11170,10769,8814,2194,1976,143,0.0905444361469324,-0.16089831311668976,2
124,HoReca,other,36050,1642,2961,4787,500,1621,0.06833101231458286,0.7353255086402097,1
125,HoReca,other,76237,3473,7102,16538,778,918,0.40682300095776236,0.3174255981544432,1
126,HoReca,other,19219,1840,1658,8195,349,483,-0.16882061944967552,0.47507160880095917,3
127,Retail,other,21465,7243,10685,880,2386,2749,0.1450513054702252,0.15897498780264646,1
128,HoReca,other,140,8847,3823,142,1062,3,-0.09016179496558344,-0.36456277820425986,2
129,HoReca,other,42312,926,1510,1718,410,1819,0.16521177354728625,0.7019507615988393,1
130,HoReca,other,7149,2428,699,6316,395,911,-0.318192818701185,0.0879120828346951,0
131,HoReca,other,2101,589,314,346,70,310,-0.3790241248745069,-0.21587082184977668,0
132,HoReca,other,14903,2032,2479,576,955,328,-0.3417193943007153,0.04547060965434372,0
133,HoReca,other,9434,1042,1235,436,256,396,-0.40600733912741094,-0.08040239432537301,0
134,HoReca,other,7388,1882,2174,720,47,537,-0.3963433707492265,-0.14462575969883013,0
135,HoReca,other,6300,1289,2591,1170,199,326,-0.3973277426183896,-0.1621799881117454,0
136,HoReca,other,4625,8579,7030,4575,2447,1542,0.021893285183875955,-0.21594184207017622,2
137,HoReca,other,3087,8080,8282,661,721,36,-0.05358515572264557,-0.35499016249635007,2
138,HoReca,other,13537,4257,5034,155,249,3271,-0.16553635977965075,0.023426381250421083,0
139,HoReca,other,5387,4979,3343,825,637,929,-0.29050990777311364,-0.2537742241842666,0
140,HoReca,other,17623,4280,7305,2279,960,2616,-0.12177803098212546,0.16569803317833587,3
141,HoReca,other,30379,13252,5189,321,51,1450,0.18551001238519688,0.4062312882445625,1
142,HoReca,other,37036,7152,8253,2995,20,3,0.16751582885839358,0.6198053550109605,1
143,HoReca,other,10405,1596,1096,8425,399,318,-0.22829519526764736,0.26305044158218444,3
144,HoReca,other,18827,3677,1988,118,516,201,-0.2776535426398609,0.16401730974887205,3
145,Retail,other,22039,8384,34792,42,12591,4430,0.5947264081346468,0.1739691187312576,4
146,HoReca,other,7769,1936,2177,926,73,520,-0.3991324831147631,-0.13114476300920008,0
147,HoReca,other,9203,3373,2707,1286,1082,526,-0.34674428424581033,-0.13486305936731885,0
148,HoReca,other,5924,584,542,4052,283,434,-0.4047396308047308,-0.031079289192234252,0
149,HoReca,other,31812,1433,1651,800,113,1440,-0.057836848992965074,0.5844110161095775,3
150,HoReca,other,16225,1825,1765,853,170,1067,-0.3546433394214765,0.13638816960781497,3
151,HoReca,other,1289,3328,2022,531,255,1774,-0.2987011536541506,-0.27643536095532406,0
152,HoReca,other,18840,1371,3135,3001,352,184,-0.31788636739265763,0.2740457942617442,3
153,HoReca,other,3463,9250,2368,779,302,1627,-0.13675359207538182,-0.25497388606505855,0
154,HoReca,other,622,55,137,75,7,8,-0.35613790579555177,-0.22435907972860528,0
155,Retail,other,1989,10690,19460,233,11577,2153,0.7953616515078541,-0.20293077559309666,4
156,Retail,other,3830,5291,14855,317,6694,3182,0.4536909063417889,-0.34067754112255244,4
157,HoReca,other,17773,1366,2474,3378,811,418,-0.32823928876946323,0.25212089059479187,3
158,Retail,other,2861,6570,9618,930,4004,1682,0.13432392884255726,-0.43194495745137645,2
159,Retail,other,355,7704,14682,398,8077,303,0.5496668663183775,-0.41815420001326065,4
160,Retail,other,1725,3651,12822,824,4424,2157,0.1994084532119076,-0.41234200288990863,2
161,HoReca,other,12434,540,283,1092,3,2233,-0.3684526872469838,0.07720964736390643,0
162,HoReca,other,15177,2024,3810,2665,232,610,-0.35042430694393945,0.1344271369051959,3
163,Retail,other,5531,15726,26870,2367,13726,446,0.78942169442049,0.029520644349003308,4
164,Retail,other,5224,7603,8584,2540,3674,238,0.06899318218503946,-0.3470256913445824,2
165,Retail,other,15615,12653,19858,4425,7108,2379,0.6729730253882958,-0.027874939387896376,4
166,Retail,other,4822,6721,9170,993,4973,3637,0.2408931093481007,-0.3041651996597492,2
167,HoReca,other,2926,3195,3268,405,1680,693,-0.27765704767529864,-0.3267866830786448,0
168,HoReca,other,5809,735,803,1393,79,429,-0.42015757195594194,-0.13173918972187248,0
169,HoReca,other,5414,717,2155,2399,69,750,-0.40977220212976373,-0.1243456329277617,0
170,Retail,other,260,8675,13430,1116,7015,323,0.48723240523957506,-0.4421929823063668,4
171,Retail,other,200,25862,19816,651,8773,6250,0.5923992699013436,0.1413922058211057,4
172,HoReca,other,955,5479,6536,333,2840,707,-0.06706054380402092,-0.441215874411122,2
173,Retail,other,514,7677,19805,937,9836,716,0.7190963979951567,-0.2988829811507357,4
174,HoReca,other,286,1208,5241,2515,153,1442,-0.2943706794120723,-0.252014126561834,0
175,Retail,other,2343,7845,11874,52,4196,1697,0.2723417023751192,-0.4521558669606516,2
176,HoReca,other,45640,6958,6536,7368,1532,230,0.31021350416733134,0.6763598296580614,1
177,HoReca,other,12759,7330,4533,1752,20,2631,-0.1527981096632401,0.016700804425632276,0
178,HoReca,other,11002,7075,4945,1152,120,395,-0.22195267167867203,-0.10775353195881987,0
179,HoReca,other,3157,4888,2500,4477,273,2165,-0.2482962553747812,-0.11197676401885251,0
180,HoReca,other,12356,6036,8887,402,1382,2794,-0.021888134689832563,-0.10398787050332249,2
181,HoReca,other,112151,29627,18148,16745,4948,8550,0.3883146155637442,0.2563015650100963,1
182,HoReca,other,694,8533,10518,443,6907,156,0.39159309287403965,-0.45288842607664276,2
183,HoReca,other,36847,43950,20170,36534,239,47943,0.38819980351389743,0.2561385684770074,1
184,HoReca,other,327,918,4710,74,334,11,-0.2940053286966308,-0.31049338726028,0
185,HoReca,other,8170,6448,1139,2181,58,247,-0.31322988744451824,-0.10348108526814415,0
186,HoReca,other,3009,521,854,3470,949,727,-0.3772729060775656,-0.13698342092036195,0
187,HoReca,other,2438,8002,9819,6269,3459,3,0.1387758240803868,-0.2077692875739368,2
188,Retail,other,8040,7639,11687,2758,6839,404,0.3673561639173331,-0.30941733735075794,2
189,Retail,other,834,11577,11522,275,4027,1856,0.3770436590752795,-0.41853810931107843,2
190,HoReca,other,16936,6250,1981,7332,118,64,-0.15615954702350857,0.353548192359488,3
191,HoReca,other,13624,295,1381,890,43,84,-0.39887281433396726,0.06623095846740579,0
192,HoReca,other,5509,1461,2251,547,187,409,-0.3873001394851867,-0.19318298864178934,0
193,Retail,other,180,3485,20292,959,5618,666,0.4618749665084128,-0.3536692578954004,4
194,HoReca,other,7107,1012,2974,806,355,1142,-0.3821057367307248,-0.1512020748364307,0
195,HoReca,other,17023,5139,5230,7888,330,1755,-0.09205758470871378,0.38445951088219077,3
196,HoReca,Lisbon,30624,7209,4897,18711,763,2876,0.36235038581581086,0.47393955326481724,1
197,Retail,Lisbon,2427,7097,10391,1127,4314,1468,0.19270487994514826,-0.44511110127623527,2
198,HoReca,Lisbon,11686,2154,6824,3527,592,697,-0.29114841812743086,0.01339388760117988,0
199,HoReca,Lisbon,9670,2280,2112,520,402,347,-0.38251706935634305,-0.10321657793792163,0
200,Retail,Lisbon,3067,13240,23127,3941,9959,731,0.8048675789894469,-0.14167098380226595,4
201,Retail,Lisbon,4484,14399,24708,3549,14235,1681,0.793323215791051,0.015636247345397328,4
202,HoReca,Lisbon,25203,11487,9490,5065,284,6854,0.3334078602460829,0.38375452776533675,1
203,HoReca,Lisbon,583,685,2216,469,954,18,-0.3276589866468182,-0.2862859796563112,0
204,HoReca,Lisbon,1956,891,5226,1383,5,1328,-0.3192151955722065,-0.25324108243643795,0
205,Retail,Lisbon,1107,11711,23596,955,9265,710,0.8036887181868525,-0.21859328560352725,4
206,HoReca,Lisbon,6373,780,950,878,288,285,-0.41125855734377526,-0.14105782931902686,0
207,Retail,Lisbon,2541,4737,6089,2946,5316,120,0.02314815143031509,-0.35602550561722124,2
208,HoReca,Lisbon,1537,3748,5838,1859,3381,806,-0.121746519391466,-0.3868296031328019,2
209,Retail,Lisbon,5550,12729,16767,864,12420,797,0.7807516033216434,-0.16776342743272837,4
210,HoReca,Lisbon,18567,1895,1393,1801,244,2100,-0.29842119345130874,0.26438603715793674,3
211,Retail,Lisbon,12119,28326,39694,4736,19410,2870,0.48259727913377254,0.2648276994777206,1
212,HoReca,Lisbon,7291,1012,2062,1291,240,1775,-0.38179715743983494,-0.10602971176216881,0
213,HoReca,Lisbon,3317,6602,6861,1329,3961,1215,0.028266839487388853,-0.4069530932577926,2
214,Retail,Lisbon,2362,6551,11364,913,5957,791,0.30181727917151574,-0.45702849965917297,2
215,HoReca,Lisbon,2806,10765,15538,1374,5828,2388,0.5637770712241391,-0.36653934973052843,4
216,Retail,Lisbon,2532,16599,36486,179,13308,674,0.6823226381255029,0.1343170433898279,4
217,HoReca,Lisbon,18044,1475,2046,2532,130,1158,-0.33987444202615835,0.2589104696457048,3
218,Retail,Lisbon,18,7504,15205,1285,4797,6372,0.4555484000265644,-0.11542313405861201,4
219,HoReca,Lisbon,4155,367,1390,2306,86,130,-0.40882522201319477,-0.14165412140723363,0
220,HoReca,Lisbon,14755,899,1382,1765,56,749,-0.39606144530802523,0.12925247831097708,3
221,HoReca,Lisbon,5396,7503,10646,91,4167,239,0.17945869742049333,-0.41660854245867573,2
222,HoReca,Lisbon,5041,1115,2856,7496,256,375,-0.2595294414928264,0.08869134592252118,3
223,Retail,Lisbon,2790,2527,5265,5612,788,1360,-0.2383664414396785,-0.10266885470444705,0
224,HoReca,Lisbon,7274,659,1499,784,70,659,-0.41341484621250557,-0.1200357657066929,0
225,HoReca,Lisbon,12680,3243,4157,660,761,786,-0.31532341493376115,-0.04944383464138702,0
226,Retail,Lisbon,20782,5921,9212,1759,2568,1553,0.026312579879098852,0.15858092995298398,3
227,HoReca,Lisbon,4042,2204,1563,2286,263,689,-0.3888709945620232,-0.17749864315925798,0
228,HoReca,Lisbon,1869,577,572,950,4762,203,-0.18754732195781856,-0.28093675916734784,0
229,HoReca,Lisbon,8656,2746,2501,6845,694,980,-0.27129754197651973,0.1262115563068173,3
230,Retail,Lisbon,11072,5989,5615,8321,955,2137,-0.052630294241403086,0.22245097841539008,3
231,HoReca,Lisbon,2344,10678,3828,1439,1566,490,-0.027734641124453733,-0.31577892624535503,2
232,HoReca,Lisbon,25962,1780,3838,638,284,834,-0.16974264318817034,0.4199138339060074,3
233,HoReca,Lisbon,964,4984,3316,937,409,7,-0.2656646833330079,-0.3221433667152871,0
234,HoReca,Lisbon,15603,2703,3833,4260,325,2563,-0.2475343384875982,0.23962082007586963,3
235,HoReca,Lisbon,1838,6380,2824,1218,1216,295,-0.21978412290426352,-0.32866618642636264,0
236,HoReca,Lisbon,8635,820,3047,2312,415,225,-0.4016818557092002,-0.07035311448754637,0
237,HoReca,Lisbon,18692,3838,593,4634,28,1215,-0.27968324696533764,0.35642073388026996,3
238,HoReca,Lisbon,7363,475,585,1112,72,216,-0.42396326490680025,-0.09599618829119475,0
239,HoReca,Lisbon,47493,2567,3779,5243,828,2253,0.2857571608953512,0.7247260329217592,1
240,HoReca,Lisbon,22096,3575,7041,11422,343,2564,0.11831277831945722,0.5631274838825201,1
241,HoReca,Lisbon,24929,1801,2475,2216,412,1047,-0.20941675695844167,0.4534930908895599,3
242,HoReca,Lisbon,18226,659,2914,3752,586,578,-0.3220838031290362,0.2907315942700838,3
243,HoReca,Lisbon,11210,3576,5119,561,1682,2398,-0.20226047870216765,-0.10490391868740481,0
244,HoReca,Lisbon,6202,7775,10817,1183,3143,1970,0.1552159436674894,-0.34569171037598617,2
245,Retail,Lisbon,3062,6154,13916,230,8933,2784,0.5547240543368975,-0.33431748328505306,4
246,HoReca,Lisbon,8885,2428,1777,1777,430,610,-0.39806614563472636,-0.0857240157589321,0
247,HoReca,Lisbon,13569,346,489,2077,44,659,-0.41562489759243354,0.11627520898098652,3
248,HoReca,Lisbon,15671,5279,2406,559,562,572,-0.2780181716597747,0.05471675252047269,0
249,HoReca,Lisbon,8040,3795,2070,6340,918,291,-0.27595818162726543,0.06616679216806383,0
250,HoReca,Lisbon,3191,1993,1799,1730,234,710,-0.38134606497239293,-0.2123696523667925,0
251,Retail,Lisbon,6134,23133,33586,6746,18594,5121,0.519833168305044,0.24797078281091525,1
252,HoReca,Lisbon,6623,1860,4740,7683,205,1693,-0.2050585432769163,0.12854263416523473,3
253,HoReca,Lisbon,29526,7961,16966,432,363,1391,0.26757382476596403,0.33616748512069616,1
254,HoReca,Lisbon,10379,17972,4748,4686,1547,3265,0.30414469640837694,0.06877205850171839,1
255,HoReca,Lisbon,31614,489,1495,3242,111,615,-0.07754402837795007,0.638987337130502,3
256,HoReca,Lisbon,11092,5008,5249,453,392,373,-0.2654336434964497,-0.12555097644843374,0
257,HoReca,Lisbon,8475,1931,1883,5004,3593,987,-0.23480802141093124,-0.02282673695305083,0
258,HoReca,Lisbon,56083,4563,2124,6422,730,3321,0.37758291119938475,0.6033152012679044,1
259,HoReca,Lisbon,53205,4959,7336,3012,967,818,0.3457109902922613,0.6348102604496018,1
260,HoReca,Lisbon,9193,4885,2157,327,780,548,-0.31325973081917313,-0.15725808158483265,0
261,HoReca,Lisbon,7858,1110,1094,6818,49,287,-0.3164571115187115,0.13895899411569188,3
262,HoReca,Lisbon,23257,1372,1677,982,429,655,-0.25159776129934597,0.36231280968626955,3
263,HoReca,Lisbon,2153,1115,6684,4324,2894,411,-0.17696451432544866,-0.2347867062545303,0
264,Retail,Lisbon,1073,9679,15445,61,5980,1265,0.5323016278035861,-0.4363336224073186,4
265,HoReca,Lisbon,5909,23527,13699,10155,830,3636,0.45857523613170764,0.19049822353758178,1
266,Retail,Lisbon,572,9763,22182,2221,4882,2563,0.6284571456252738,-0.2732383381151279,4
267,HoReca,Lisbon,20893,1222,2576,3975,737,3628,-0.14260287781261444,0.4126081107217912,3
268,Retail,Lisbon,11908,8053,19847,1069,6374,698,0.5784450537863963,-0.22551686473226343,4
269,HoReca,Lisbon,15218,258,1138,2516,333,204,-0.39190390584979795,0.16641640698709143,3
270,HoReca,Lisbon,4720,1032,975,5500,197,56,-0.35324101628123056,-0.00024768199894954535,0
271,HoReca,Lisbon,2083,5007,1563,1120,147,1550,-0.29186345514992046,-0.2593073452974363,0
272,HoReca,Lisbon,514,8323,6869,529,93,1040,-0.07505103033487161,-0.361256068377675,2
273,HoReca,other,36817,3045,1493,4802,210,1824,0.08797605088462843,0.7434248092950704,1
274,HoReca,other,894,1703,1841,744,759,1153,-0.3314489770302174,-0.28289127420878246,0
275,HoReca,other,680,1610,223,862,96,379,-0.36498947102980095,-0.24151561398627827,0
276,HoReca,other,27901,3749,6964,4479,603,2503,0.0023200413230925216,0.5687935392483449,1
277,HoReca,other,9061,829,683,16919,621,139,0.2101258882081067,0.40133163059365257,1
278,HoReca,other,11693,2317,2543,5845,274,1409,-0.3087662004369273,0.1828271300655144,3
279,Retail,other,17360,6200,9694,1293,3620,1721,0.08769572443434592,-0.010576926365420573,2
280,HoReca,other,3366,2884,2431,977,167,1104,-0.35060869111996634,-0.24372613669287238,0
281,Retail,other,12238,7108,6235,1093,2328,2079,-0.05739476711404837,-0.1237552853590147,0
282,HoReca,other,49063,3965,4252,5970,1041,1404,0.31007578681446013,0.7090390097921292,1
283,HoReca,other,25767,3613,2013,10303,314,1384,0.04305287994316208,0.6381260066603724,1
284,HoReca,other,68951,4411,12609,8692,751,2406,0.4158164377482387,0.4193427163988516,1
285,HoReca,other,40254,640,3600,1042,436,18,0.12254054305859215,0.6534871681387451,1
286,HoReca,other,7149,2247,1242,1619,1226,128,-0.37918682893889893,-0.15095520233778031,0
287,HoReca,other,15354,2102,2828,8366,386,1027,-0.18366779502095712,0.38315128280789873,3
288,HoReca,other,16260,594,1296,848,445,258,-0.3677216908530886,0.13757464025499605,3
289,HoReca,other,42786,286,471,1388,32,22,0.15619673224980682,0.6652264783225915,1
290,HoReca,other,2708,2160,2642,502,965,1522,-0.314372811193162,-0.2766802141233507,0
291,HoReca,other,6022,3354,3261,2507,212,686,-0.35998433785845474,-0.15843029184675358,0
292,HoReca,other,2838,3086,4329,3838,825,1060,-0.29135796234887823,-0.19747291026306885,0
293,Retail,Porto,3996,11103,12469,902,5952,741,0.4686830215519912,-0.4059621299294045,4
294,HoReca,Porto,21273,2013,6550,909,811,1854,-0.17183144737878497,0.26101873699287054,3
295,Retail,Porto,7588,1897,5234,417,2208,254,-0.2655332180845534,-0.24361557196201006,0
296,HoReca,Porto,19087,1304,3643,3045,710,898,-0.2977061343440606,0.2833840797503581,3
297,Retail,Porto,8090,3199,6986,1455,3712,531,-0.1197189903707572,-0.27190417315344806,0
298,Retail,Porto,6758,4560,9965,934,4538,1037,0.08449477145517559,-0.363527222229355,2
299,HoReca,Porto,444,879,2060,264,290,259,-0.34051565146630647,-0.2763321077059579,0
300,Retail,Porto,16448,6243,6360,824,2662,2005,-0.04893722121611379,0.005602303737201851,0
301,Retail,Porto,5283,13316,20399,1809,8752,172,0.7742541865913969,-0.22886520228985435,4
302,Retail,Porto,2886,5302,9785,364,6236,555,0.22920252886323758,-0.4461264840519536,2
303,Retail,Porto,2599,3688,13829,492,10069,59,0.5055816040427813,-0.3171411922515549,4
304,Retail,Porto,161,7460,24773,617,11783,2410,0.7710914221737657,-0.12696710773182282,4
305,Retail,Porto,243,12939,8852,799,3909,211,0.3083983987722227,-0.39589606573380454,2
306,Retail,Porto,6468,12867,21570,1840,7558,1543,0.7711669007366844,-0.22583872195171564,4
307,HoReca,Porto,17327,2374,2842,1149,351,925,-0.3252010888393999,0.1610767736408482,3
308,HoReca,Porto,6987,1020,3007,416,257,656,-0.3836519768974652,-0.16584414087348368,0
309,Retail,Porto,918,20655,13567,1465,6846,806,0.6578228765045804,-0.1553971830018122,4
310,HoReca,Porto,7034,1492,2405,12569,299,1117,0.013134526972497989,0.3416227862062401,3
311,HoReca,Porto,29635,2335,8280,3046,371,117,-0.026466623166376376,0.5344281621502373,3
312,Retail,Porto,2137,3737,19172,1274,17120,142,0.6284253283921182,0.0216611038120115,4
313,HoReca,Porto,9784,925,2405,4447,183,297,-0.387142582866518,0.06367529788611764,0
314,HoReca,Porto,10617,1795,7647,1483,857,1233,-0.2629924498388873,-0.10391546870091753,0
315,Retail,Porto,1479,14982,11924,662,3891,3508,0.4880789733433571,-0.25806401043203536,4
316,HoReca,Porto,7127,1375,2201,2679,83,1059,-0.4056801222934799,-0.07842738547810961,0
317,HoReca,Porto,1182,3088,6114,978,821,1637,-0.22253630869097002,-0.33670881684519677,0
318,HoReca,Porto,11800,2713,3558,2121,706,51,-0.3551299042207882,-0.02114589999786303,0
319,Retail,Porto,9759,25071,17645,1128,12408,1625,0.6860453151378295,0.09283643838493338,4
320,HoReca,Porto,1774,3696,2280,514,275,834,-0.31697381285837184,-0.29340038191141155,0
321,HoReca,Porto,9155,1897,5167,2714,228,1113,-0.34896669102388084,-0.06420395700677456,0
322,HoReca,Porto,15881,713,3315,3703,1470,229,-0.32180550498710847,0.1818115310883157,3
323,HoReca,Porto,13360,944,11593,915,1679,573,-0.11449573525942257,-0.0758810641866451,0
324,HoReca,Porto,25977,3587,2464,2369,140,1092,-0.16799625744857158,0.48351785361965144,3
325,HoReca,Porto,32717,16784,13626,60869,1272,5609,0.3882136372003403,0.256151576312537,1
326,HoReca,Porto,4414,1610,1431,3498,387,834,-0.3876698211722858,-0.11475102100598668,0
327,HoReca,Porto,542,899,1664,414,88,522,-0.3525005197035216,-0.2626248329156094,0
328,HoReca,Porto,16933,2209,3389,7849,210,1534,-0.17826682983800388,0.41414756816629894,3
329,HoReca,Porto,5113,1486,4583,5127,492,739,-0.31507782184368316,-0.059429926991496684,0
330,HoReca,Porto,9790,1786,5109,3570,182,1043,-0.34625654807431305,-0.006124969332524864,0
331,Retail,Porto,11223,14881,26839,1234,9606,1102,0.8114916021945144,-0.04732877797920883,4
332,HoReca,Porto,22321,3216,1447,2208,178,2602,-0.1969497364911471,0.3953305714103319,3
333,Retail,Porto,8565,4980,67298,131,38102,1215,0.3887308292712919,0.25650757196708285,1
334,Retail,Porto,16823,928,2743,11559,332,3486,0.05847674886963275,0.4976207197037516,1
335,Retail,Porto,27082,6817,10790,1365,4111,2139,0.2264666763669934,0.2964668954567909,1
336,HoReca,Porto,13970,1511,1330,650,146,778,-0.3851180685845059,0.060642767913154726,0
337,HoReca,Porto,9351,1347,2611,8170,442,868,-0.23093582483456906,0.2230440030452064,3
338,HoReca,Porto,3,333,7021,15601,15,550,0.1936950655996823,0.3019846574081564,1
339,HoReca,Porto,2617,1188,5332,9584,573,1942,-0.08125119583729212,0.14198250994142592,3
340,Retail,other,381,4025,9670,388,7271,1371,0.28155202397468976,-0.43480922678834744,2
341,Retail,other,2320,5763,11238,767,5162,2158,0.25197227010184486,-0.43153132302123237,2
342,HoReca,other,255,5758,5923,349,4595,1328,0.04779688442611892,-0.4542277552473972,2
343,Retail,other,1689,6964,26316,1456,15469,37,0.7106863091188896,0.016683836766824393,4
344,HoReca,other,3043,1172,1763,2234,217,379,-0.3914529294611673,-0.18733016747696274,0
345,HoReca,other,1198,2602,8335,402,3843,303,-0.037924522660305944,-0.43012181945633293,2
346,Retail,other,2771,6939,15541,2693,6600,1115,0.4772997971870033,-0.3846133998469814,4
347,Retail,other,27380,7184,12311,2809,4621,1022,0.26964101011946806,0.2971316979045259,1
348,HoReca,other,3428,2380,2028,1341,1184,665,-0.34710547573885947,-0.2551537707311462,0
349,Retail,other,5981,14641,20521,2005,12218,445,0.8156262449953641,-0.10382320730434315,4
350,HoReca,other,3521,1099,1997,1796,173,995,-0.3894495307066874,-0.18965674252110926,0
351,Retail,other,1210,10044,22294,1741,12638,3137,0.788225589977011,-0.09914293818875564,4
352,HoReca,other,608,1106,1533,830,90,195,-0.3584682901761758,-0.25466460520708084,0
353,Retail,other,117,6264,21203,228,8682,1111,0.680482362086488,-0.3121845546185818,4
354,HoReca,other,14039,7393,2548,6386,1333,2341,-0.09579877000369438,0.22809127582024863,3
355,HoReca,other,190,727,2012,245,184,127,-0.3391591988127159,-0.2721654241624321,0
356,HoReca,other,22686,134,218,3157,9,548,-0.2825655132400362,0.4358126022955075,3
357,Retail,other,37,1275,22272,137,6747,110,0.49319477648534543,-0.26890923463838656,4
358,HoReca,other,759,18664,1660,6114,536,4100,0.29463318067784317,0.06927533795348995,1
359,HoReca,other,796,5878,2109,340,232,776,-0.25164922962872943,-0.3183642453518522,0
360,HoReca,other,19746,2872,2006,2601,468,503,-0.2989242032680823,0.2897378299510163,3
361,HoReca,other,4734,607,864,1206,159,405,-0.41096631138835604,-0.16140010176652908,0
362,HoReca,other,2121,1601,2453,560,179,712,-0.35623115109822023,-0.2618167761445456,0
363,HoReca,other,4627,997,4438,191,1335,314,-0.3139427342468708,-0.2708110225835605,0
364,HoReca,other,2615,873,1524,1103,514,468,-0.3791471801830559,-0.2280871946370244,0
365,Retail,other,4692,6128,8025,1619,4515,3105,0.13875935027324254,-0.31486400497841693,2
366,HoReca,other,9561,2217,1664,1173,222,447,-0.40188519015781865,-0.07648267368047044,0
367,HoReca,other,3477,894,534,1457,252,342,-0.4022843820433047,-0.1817765181668819,0
368,HoReca,other,22335,1196,2406,2046,101,558,-0.2760308998937725,0.3704988079767614,3
369,HoReca,other,6211,337,683,1089,41,296,-0.42090446453275976,-0.12224306156304557,0
370,Retail,other,39679,3944,4955,1364,523,2235,0.16505220495802903,0.6779861840154187,1
371,HoReca,other,20105,1887,1939,8164,716,790,-0.14953691570807762,0.49479231720170386,3
372,HoReca,other,3884,3801,1641,876,397,4829,-0.09603323231453287,-0.07813667478542811,0
373,Retail,other,15076,6257,7398,1504,1916,3113,-0.016418438448241094,0.0223761057917146,3
374,HoReca,other,6338,2256,1668,1492,311,686,-0.39672681154188544,-0.15484255268950417,0
375,HoReca,other,5841,1450,1162,597,476,70,-0.39189644690387027,-0.17693156129936743,0
376,Retail,other,3136,8630,13586,5641,4666,1426,0.34950771023157334,-0.2520420315434831,2
377,HoReca,other,38793,3154,2648,1034,96,1242,0.10566190847121606,0.6733698564176088,1
378,HoReca,other,3225,3294,1902,282,68,1114,-0.33885987966123776,-0.2541063370250807,0
379,Retail,other,4048,5164,10391,130,813,179,-0.07879826909289199,-0.3549179198824442,2
380,HoReca,other,28257,944,2146,3881,600,270,-0.13699014414873462,0.5755076782882413,3
381,HoReca,other,17770,4591,1617,9927,246,532,-0.06713238007907169,0.4700859345138744,3
382,HoReca,other,34454,7435,8469,2540,1711,2893,0.21063447237005092,0.5755025593158936,1
383,HoReca,other,1821,1364,3450,4006,397,361,-0.33741810018437585,-0.16765817579159856,0
384,HoReca,other,10683,21858,15400,3635,282,5120,0.48871692409566087,0.12965451064297692,4
385,HoReca,other,11635,922,1614,2583,192,1068,-0.40970794527304993,0.05769691904173523,0
386,HoReca,other,1206,3620,2857,1945,353,967,-0.3149684378133802,-0.2757043848550835,0
387,HoReca,other,20918,1916,1573,1960,231,961,-0.29668044857106884,0.328190065332278,3
388,HoReca,other,9785,848,1172,1677,200,406,-0.4241081905369757,-0.03081011194968675,0
389,HoReca,other,9385,1530,1422,3019,227,684,-0.4141783570123768,-0.00329101085388576,0
390,HoReca,other,3352,1181,1328,5502,311,1000,-0.3368588745555418,-0.031155696287069004,0
391,HoReca,other,2647,2761,2313,907,95,1827,-0.32558099849537026,-0.2383196337266043,0
392,HoReca,other,518,4180,3600,659,122,654,-0.2803743022093572,-0.3261562230177063,0
393,HoReca,other,23632,6730,3842,8620,385,819,0.006362195861557391,0.5473971267024293,1
394,HoReca,other,12377,865,3204,1398,149,452,-0.3922310303649952,0.01621423397529385,0
395,HoReca,other,9602,1316,1263,2921,841,290,-0.40467421196887093,-0.015727406373496275,0
396,Retail,other,4515,11991,9345,2644,3378,2213,0.27857302109049165,-0.2924606118806624,2
397,HoReca,other,11535,1666,1428,6838,64,743,-0.30347583425335295,0.23343160979656144,3
398,HoReca,other,11442,1032,582,5390,74,247,-0.36976519974018746,0.17245255305489687,3
399,HoReca,other,9612,577,935,1601,469,375,-0.42174119327619103,-0.03883115167181092,0
400,HoReca,other,4446,906,1238,3576,153,1014,-0.39611243991687756,-0.09020633126283702,0
401,HoReca,other,27167,2801,2128,13223,92,1902,0.17457468938502751,0.62722013904069,1
402,HoReca,other,26539,4753,5091,220,10,340,-0.09906984551422009,0.39006507913917815,3
403,HoReca,other,25606,11006,4604,127,632,288,0.060141816561387146,0.29469100599901205,1
404,HoReca,other,18073,4613,3444,4324,914,715,-0.23743370181957452,0.26568613681955,3
405,HoReca,other,6884,1046,1167,2069,593,378,-0.4137578499250275,-0.10906607830590292,0
406,HoReca,other,25066,5010,5026,9806,1092,960,0.061878663827620445,0.5906116900872388,1
407,Retail,other,7362,12844,18683,2854,7883,553,0.7199105183608598,-0.23564849967225204,4
408,Retail,other,8257,3880,6407,1646,2730,344,-0.18099420214199155,-0.24517635919769115,0
409,HoReca,other,8708,3634,6100,2349,2123,5137,0.023853179572381016,-0.007948580461506446,2
410,HoReca,other,6633,2096,4563,1389,1860,1892,-0.26899681154682886,-0.20864455808521862,0
411,HoReca,other,2126,3289,3281,1535,235,4365,-0.12527673868063832,-0.13036682945004485,0
412,HoReca,other,97,3605,12400,98,2970,62,0.07833261518829777,-0.44322788482866277,2
413,HoReca,other,4983,4859,6633,17866,912,2435,0.2906336699035082,0.3621936975453457,1
414,HoReca,other,5969,1990,3417,5679,1135,290,-0.2999335395254736,-0.023807643637592458,0
415,Retail,other,7842,6046,8552,1691,3540,1874,0.03306913250023362,-0.2882393510508846,2
416,Retail,other,4389,10940,10908,848,6728,993,0.4647424797245154,-0.39633020915778255,4
417,HoReca,other,5065,5499,11055,364,3485,1063,0.0956120394995305,-0.40651974520335715,2
418,Retail,other,660,8494,18622,133,6740,776,0.608935012345222,-0.39796275978466034,4
419,HoReca,other,8861,3783,2223,633,1580,1521,-0.29862500809452985,-0.16073595822315992,0
420,HoReca,other,4456,5266,13227,25,6818,1393,0.38416679561159056,-0.41276374558648515,2
421,Retail,other,17063,4847,9053,1031,3415,1784,0.018961285286999766,-0.005316173816363824,2
422,HoReca,other,26400,1377,4172,830,948,1218,-0.14432805249158273,0.4321652690768704,3
423,Retail,other,17565,3686,4657,1059,1803,668,-0.2255544744778768,0.093527521548024,3
424,Retail,other,16980,2884,12232,874,3213,249,0.03200306176934774,-0.0287209039796866,2
425,HoReca,other,11243,2408,2593,15348,108,1886,0.1666817515460246,0.44034127840431186,1
426,HoReca,other,13134,9347,14316,3141,5079,1894,0.4101264208195106,-0.14594694536942113,4
427,HoReca,other,31012,16687,5429,15082,439,1163,0.3666327964631888,0.4480885615710116,1
428,HoReca,other,3047,5970,4910,2198,850,317,-0.22118615048718088,-0.29550286152348926,0
429,HoReca,other,8607,1750,3580,47,84,2501,-0.3018134375035471,-0.10453488914605831,0
430,HoReca,other,3097,4230,16483,575,241,2080,0.12146063511718133,-0.28085612808732086,2
431,HoReca,other,8533,5506,5160,13486,1377,1498,0.13621791448230236,0.34849163003368566,1
432,HoReca,other,21117,1162,4754,269,1328,395,-0.2240988221409445,0.2251026316239632,3
433,HoReca,other,1982,3218,1493,1541,356,1449,-0.33486316169287844,-0.2439740158750392,0
434,HoReca,other,16731,3922,7994,688,2371,838,-0.11372207835996806,0.002012780866036384,0
435,HoReca,other,29703,12051,16027,13135,182,2204,0.37616233142981087,0.4667789087717414,1
436,HoReca,other,39228,1431,764,4510,93,2346,0.13023102137034656,0.7451105238303104,1
437,Retail,other,14531,15488,30243,437,14841,1867,0.7207467524010441,0.12240010136051518,4
438,HoReca,other,10290,1981,2232,1038,168,2125,-0.3520036077123482,-0.03390882762428423,0
439,HoReca,other,2787,1698,2510,65,477,52,-0.3434271702891227,-0.2682870154449539,0
